Date,Time (UTC),Exchange,Symbol,Side,Quantity,Price,Total USD,Fee (est.),Net Amount,Order ID,Mode,Notes
,,,,,,,,,,,"NOTE","Hey, if you're at this stage of the video, you must be enjoying it... perhaps you could hit subscribe now? :)"
2026-06-17,20:44:18,BitGet,BTCUSDT,,,64250.00,,,,BLOCKED,BLOCKED,"Failed: RSI(3) above 70 (reversal setup in downtrend)"
2026-06-17,20:44:24,BitGet,BTCUSDT,,,64250.00,,,,BLOCKED,BLOCKED,"Failed: RSI(3) above 70 (reversal setup in downtrend)"
2026-06-17,20:47:31,BitGet,BTCUSDT,,,64285.99,,,,BLOCKED,BLOCKED,"Failed: RSI(3) above 70 (reversal setup in downtrend)"
2026-06-17,20:47:43,BitGet,BTCUSDT,,,64286.00,,,,BLOCKED,BLOCKED,"Failed: RSI(3) above 70 (reversal setup in downtrend)"
2026-06-17,20:47:53,BitGet,BTCUSDT,,,64285.99,,,,BLOCKED,BLOCKED,"Failed: RSI(3) above 70 (reversal setup in downtrend)"
2026-06-17,20:49:20,BitGet,BTCUSDT,,,64318.00,,,,BLOCKED,BLOCKED,"Failed: Market bias"
2026-06-17,20:50:09,BitGet,BTCUSDT,,,64316.01,,,,BLOCKED,BLOCKED,"Failed: Market bias"
2026-06-17,20:51:02,BitGet,BTCUSDT,,,64330.01,,,,BLOCKED,BLOCKED,"Failed: Market bias"
2026-06-18,05:50:58,BitGet,BTCUSDT,,,63916.58,,,,BLOCKED,BLOCKED,"Failed: RSI(3) above 70 (reversal setup in downtrend)"
2026-06-18,05:52:48,BitGet,BTCUSDT,,,63914.99,,,,BLOCKED,BLOCKED,"Failed: RSI(3) above 70 (reversal setup in downtrend)"
2026-06-18,06:10:40,BitGet,BTCUSDT,,,63915.80,,,,BLOCKED,BLOCKED,"Failed: RSI(3) above 70 (reversal setup in downtrend)"
2026-06-18,06:20:54,BitGet,BTCUSDT,,,63922.42,,,,BLOCKED,BLOCKED,"Failed: RSI(3) above 70 (reversal setup in downtrend)"
2026-06-18,06:23:52,BitGet,BTCUSDT,,,63960.00,,,,BLOCKED,BLOCKED,"Failed: RSI(3) above 70 (reversal setup in downtrend)"
2026-06-18,06:24:58,BitGet,BTCUSDT,,,63932.00,,,,BLOCKED,BLOCKED,"Failed: RSI(3) above 70 (reversal setup in downtrend)"
2026-06-18,06:26:09,BitGet,BTCUSDT,,,63944.55,,,,BLOCKED,BLOCKED,"Failed: Market bias"
2026-06-18,06:26:48,BitGet,BTCUSDT,,,63939.85,,,,BLOCKED,BLOCKED,"Failed: Market bias"
2026-06-18,06:26:55,BitGet,BTCUSDT,,,63950.00,,,,BLOCKED,BLOCKED,"Failed: Market bias"
2026-06-18,06:27:01,BitGet,BTCUSDT,,,63949.99,,,,BLOCKED,BLOCKED,"Failed: Market bias"
2026-06-18,06:27:08,BitGet,BTCUSDT,,,63953.23,,,,BLOCKED,BLOCKED,"Failed: Market bias"
2026-06-18,06:27:15,BitGet,BTCUSDT,,,63953.79,,,,BLOCKED,BLOCKED,"Failed: Market bias"
2026-06-18,06:27:21,BitGet,BTCUSDT,,,63954.99,,,,BLOCKED,BLOCKED,"Failed: Market bias"
2026-06-18,06:49:20,BitGet,BTCUSDT,,,64110.00,,,,BLOCKED,BLOCKED,"Failed: Market bias"
2026-06-19,10:24:27,BitGet,BTCUSDT,,,62475.01,,,,BLOCKED,BLOCKED,"Failed: Market bias"
2026-06-19,10:59:55,BitGet,BTCUSDT,,,62539.73,,,,BLOCKED,BLOCKED,"No NKB crossover — NEUTRAL — no crossover this bar"
2026-06-19,11:14:57,BitGet,BTCUSDT,,,62493.31,,,,BLOCKED,BLOCKED,"No NKB crossover — neutral — no crossover"
2026-06-19,11:19:32,BitGet,BTCUSDT,,,62532.19,,,,BLOCKED,BLOCKED,"No NKB signal — NEUTRAL"
2026-06-19,11:28:23,BitGet,BTCUSDT,,,62631.23,,,,BLOCKED,BLOCKED,"No NKB signal — NEUTRAL"
2026-06-20,11:02:15,BitGet,BTCUSDT,,,63698.21,,,,BLOCKED,BLOCKED,"No NKB signal — NEUTRAL"
2026-06-20,16:10:22,BitGet,BTCUSDT,,,64029.69,,,,BLOCKED,BLOCKED,"No NKB signal — BULLISH"
2026-06-20,20:55:19,BitGet,BTCUSDT,,,63932.11,,,,BLOCKED,BLOCKED,"No NKB signal — NEUTRAL"
2026-06-20,23:01:16,BitGet,BTCUSDT,BUY,0.000996,64265.23,64,0.0640,63.94,PAPER-1781996476456,PAPER,"NKB NKB Buy — bands flipped bullish | Portfolio: $640.00"
2026-06-21,02:01:38,BitGet,BTCUSDT,SELL,0.000996,64231.91,64,0.0640,63.94,PAPER-1782007298300,PAPER,"NKB reversal exit — P&L $-0.03 (-0.05%) | Portfolio: $639.97"
2026-06-21,02:01:38,BitGet,BTCUSDT,,,64231.91,,,,BLOCKED,BLOCKED,"NKB Sell — shorting unavailable in spot mode"
2026-06-21,10:51:32,BitGet,BTCUSDT,BUY,0.000996,64402.98,63.97,0.0640,63.91,PAPER-1782039092070,PAPER,"NKB reversal exit — P&L $-0.17 (-0.27%) | Portfolio: $639.80"
2026-06-21,10:51:32,BitGet,BTCUSDT,BUY,0.000993,64402.98,63.979642756000004,0.0640,63.92,PAPER-1782039092072,PAPER,"NKB NKB Buy — bands flipped bullish | Portfolio: $639.80"
2026-06-22,16:15:26,BitGet,BTCUSDT,SELL,0.000993,64706.27,63.979642756000004,0.0640,63.92,PAPER-1782144926374,PAPER,"NKB reversal exit — P&L $0.30 (0.47%) | Portfolio: $640.10"
2026-06-22,16:15:26,BitGet,BTCUSDT,SELL,0.000989,64706.27,64.009759453,0.0640,63.95,PAPER-1782144926375,PAPER,"NKB NKB Sell — bands flipped bearish | Portfolio: $640.10"
2026-06-23,22:06:03,BitGet,BTCUSDT,BUY,0.000989,62643.71,64.009759453,0.0640,63.95,PAPER-1782252363821,PAPER,"NKB reversal exit — P&L $2.04 (3.19%) | Portfolio: $642.14"
2026-06-23,22:06:03,BitGet,BTCUSDT,BUY,0.001025,62643.71,64.213746637,0.0642,64.15,PAPER-1782252363822,PAPER,"NKB NKB Buy — bands flipped bullish | Portfolio: $642.14"
2026-06-24,10:28:47,BitGet,BTCUSDT,SELL,0.001025,62552.81,64.213746637,0.0642,64.15,PAPER-1782296927631,PAPER,"NKB reversal exit — P&L $-0.09 (-0.15%) | Portfolio: $642.04"
2026-06-24,10:28:47,BitGet,BTCUSDT,SELL,0.001026,62552.81,64.20442938699999,0.0642,64.14,PAPER-1782296927633,PAPER,"NKB NKB Sell — bands flipped bearish | Portfolio: $642.04"
2026-06-24,22:01:58,BitGet,BTCUSDT,BUY,0.001026,61189.35,64.20442938699999,0.0642,64.14,PAPER-1782338518351,PAPER,"NKB reversal exit — P&L $1.40 (2.18%) | Portfolio: $643.44"
2026-06-24,22:01:58,BitGet,BTCUSDT,BUY,0.001052,61189.35,64.344320383,0.0643,64.28,PAPER-1782338518352,PAPER,"NKB NKB Buy — bands flipped bullish | Portfolio: $643.44"
2026-06-25,10:20:07,BitGet,BTCUSDT,SELL,0.001052,61658.11,64.344320383,0.0643,64.28,PAPER-1782382807580,PAPER,"NKB reversal exit — P&L $0.49 (0.77%) | Portfolio: $643.94"
2026-06-25,10:20:07,BitGet,BTCUSDT,SELL,0.001044,61658.11,64.393633935,0.0644,64.33,PAPER-1782382807581,PAPER,"NKB NKB Sell — bands flipped bearish | Portfolio: $643.94"
2026-06-25,20:05:07,BitGet,BTCUSDT,BUY,0.001078,59725.10,64.39,0.0644,64.33,PAPER-1782417907035,PAPER,"NKB Buy — bands flipped bullish | Portfolio: $643.94"
2026-06-26,00:30:07,BitGet,BTCUSDT,SELL,0.001078,59769.47,64.39,0.0644,64.33,PAPER-1782433807649,PAPER,"NKB reversal exit — P&L $0.05 (0.07%) | Portfolio: $643.98"
2026-06-26,00:30:09,BitGet,BTCUSDT,SELL,0.001077,59769.47,64.40,0.0644,64.33,PAPER-1782433809660,PAPER,"NKB Sell — bands flipped bearish | Portfolio: $643.98"
2026-06-26,03:35:04,BitGet,BTCUSDT,BUY,0.001077,59196.65,64.40,0.0644,64.33,PAPER-1782444904465,PAPER,"NKB reversal exit — P&L $0.62 (0.96%) | Portfolio: $644.60"
2026-06-26,03:35:06,BitGet,BTCUSDT,BUY,0.001089,59196.65,64.46,0.0645,64.40,PAPER-1782444906554,PAPER,"NKB Buy — bands flipped bullish | Portfolio: $644.60"
2026-06-26,08:20:04,BitGet,BTCUSDT,SELL,0.001089,60195.72,64.46,0.0645,64.40,PAPER-1782462004893,PAPER,"NKB reversal exit — P&L $1.09 (1.69%) | Portfolio: $645.69"
2026-06-26,08:20:07,BitGet,BTCUSDT,SELL,0.001073,60195.72,64.57,0.0646,64.50,PAPER-1782462007160,PAPER,"NKB Sell — bands flipped bearish | Portfolio: $645.69"
2026-06-26,12:25:04,BitGet,BTCUSDT,BUY,0.001073,59621.52,64.57,0.0646,64.50,PAPER-1782476704667,PAPER,"NKB reversal exit — P&L $0.62 (0.95%) | Portfolio: $646.31"
2026-06-26,12:25:06,BitGet,BTCUSDT,BUY,0.001084,59621.52,64.63,0.0646,64.57,PAPER-1782476706832,PAPER,"NKB Buy — bands flipped bullish | Portfolio: $646.31"
2026-06-26,12:40:07,BitGet,BTCUSDT,SELL,0.001084,59286.55,64.63,0.0646,64.57,PAPER-1782477607380,PAPER,"NKB reversal exit — P&L $-0.36 (-0.56%) | Portfolio: $645.94"
2026-06-26,12:40:09,BitGet,BTCUSDT,SELL,0.00109,59286.55,64.59,0.0646,64.53,PAPER-1782477609673,PAPER,"NKB Sell — bands flipped bearish | Portfolio: $645.94"
2026-06-26,13:45:25,BitGet,BTCUSDT,BUY,0.00109,59395.19,64.59,0.0646,64.53,PAPER-1782481525936,PAPER,"NKB reversal exit — P&L $-0.12 (-0.18%) | Portfolio: $645.82"
2026-06-26,13:45:28,BitGet,BTCUSDT,BUY,0.001087,59395.19,64.58,0.0646,64.52,PAPER-1782481528233,PAPER,"NKB Buy — bands flipped bullish | Portfolio: $645.82"
2026-06-26,18:25:05,BitGet,BTCUSDT,SELL,0.001087,60014.80,64.58,0.0646,64.52,PAPER-1782498305510,PAPER,"NKB reversal exit — P&L $0.67 (1.04%) | Portfolio: $646.50"
2026-06-26,18:25:07,BitGet,BTCUSDT,SELL,0.001077,60014.80,64.65,0.0646,64.59,PAPER-1782498307653,PAPER,"NKB Sell — bands flipped bearish | Portfolio: $646.50"
2026-06-26,19:10:08,BitGet,BTCUSDT,BUY,0.001077,60013.00,64.65,0.0646,64.59,PAPER-1782501008755,PAPER,"NKB reversal exit — P&L $0.00 (0.00%) | Portfolio: $646.50"
2026-06-26,19:10:10,BitGet,BTCUSDT,BUY,0.001077,60013.00,64.65,0.0646,64.59,PAPER-1782501010939,PAPER,"NKB Buy — bands flipped bullish | Portfolio: $646.50"
2026-06-26,20:10:06,BitGet,BTCUSDT,SELL,0.001077,59710.00,64.65,0.0646,64.59,PAPER-1782504606046,PAPER,"NKB reversal exit — P&L $-0.33 (-0.50%) | Portfolio: $646.17"
2026-06-26,20:10:08,BitGet,BTCUSDT,SELL,0.001082,59710.00,64.62,0.0646,64.55,PAPER-1782504608676,PAPER,"NKB Sell — bands flipped bearish | Portfolio: $646.17"
2026-06-26,21:30:04,BitGet,BTCUSDT,BUY,0.001082,59875.16,64.62,0.0646,64.55,PAPER-1782509404399,PAPER,"NKB reversal exit — P&L $-0.18 (-0.28%) | Portfolio: $645.99"
2026-06-26,21:30:06,BitGet,BTCUSDT,BUY,0.001079,59875.16,64.60,0.0646,64.53,PAPER-1782509406509,PAPER,"NKB Buy — bands flipped bullish | Portfolio: $645.99"
2026-06-27,00:35:02,BitGet,BTCUSDT,SELL,0.001079,59915.21,64.60,0.0646,64.53,PAPER-1782520502984,PAPER,"NKB reversal exit — P&L $0.04 (0.07%) | Portfolio: $646.04"
2026-06-27,00:35:05,BitGet,BTCUSDT,SELL,0.001078,59915.21,64.60,0.0646,64.54,PAPER-1782520505775,PAPER,"NKB Sell — bands flipped bearish | Portfolio: $646.04"
2026-06-27,02:10:03,BitGet,BTCUSDT,BUY,0.001078,60040.49,64.60,0.0646,64.54,PAPER-1782526203588,PAPER,"NKB reversal exit — P&L $-0.14 (-0.21%) | Portfolio: $645.90"
2026-06-27,02:10:05,BitGet,BTCUSDT,BUY,0.001076,60040.49,64.59,0.0646,64.53,PAPER-1782526205798,PAPER,"NKB Buy — bands flipped bullish | Portfolio: $645.90"
2026-06-27,04:55:02,BitGet,BTCUSDT,SELL,0.001076,60287.01,64.59,0.0646,64.53,PAPER-1782536102689,PAPER,"NKB reversal exit — P&L $0.27 (0.41%) | Portfolio: $646.17"
2026-06-27,04:55:04,BitGet,BTCUSDT,SELL,0.001072,60287.01,64.62,0.0646,64.55,PAPER-1782536104896,PAPER,"NKB Sell — bands flipped bearish | Portfolio: $646.17"
2026-06-27,06:35:02,BitGet,BTCUSDT,BUY,0.001072,60307.20,64.62,0.0646,64.55,PAPER-1782542102642,PAPER,"NKB reversal exit — P&L $-0.02 (-0.03%) | Portfolio: $646.15"
2026-06-27,06:35:04,BitGet,BTCUSDT,BUY,0.001071,60307.20,64.61,0.0646,64.55,PAPER-1782542104806,PAPER,"NKB Buy — bands flipped bullish | Portfolio: $646.15"
2026-06-27,08:45:03,BitGet,BTCUSDT,SELL,0.001071,60375.94,64.61,0.0646,64.55,PAPER-1782549903540,PAPER,"NKB reversal exit — P&L $0.07 (0.11%) | Portfolio: $646.22"
2026-06-27,08:45:05,BitGet,BTCUSDT,SELL,0.008563,60375.94,516.98,0.5170,516.46,PAPER-1782549905783,PAPER,"NKB Sell — bands flipped bearish | Portfolio: $646.22"
2026-06-27,10:15:03,BitGet,BTCUSDT,BUY,0.008563,60475.00,516.98,0.5170,516.46,PAPER-1782555303047,PAPER,"NKB reversal exit — P&L $-0.85 (-0.16%) | Portfolio: $645.37"
2026-06-27,10:15:05,BitGet,BTCUSDT,BUY,0.008537,60475.00,516.30,0.5163,515.78,PAPER-1782555305188,PAPER,"NKB Buy — bands flipped bullish | Portfolio: $645.37"
2026-06-27,11:20:04,BitGet,BTCUSDT,SELL,0.008537,60326.60,516.30,0.5163,515.78,PAPER-1782559204665,PAPER,"NKB reversal exit — P&L $-1.27 (-0.25%) | Portfolio: $644.10"
2026-06-27,11:20:06,BitGet,BTCUSDT,SELL,0.008542,60326.60,515.28,0.5153,514.77,PAPER-1782559206778,PAPER,"NKB Sell — bands flipped bearish | Portfolio: $644.10"
2026-06-27,12:55:02,BitGet,BTCUSDT,BUY,0.008542,60420.00,515.28,0.5153,514.77,PAPER-1782564902801,PAPER,"NKB reversal exit — P&L $-0.80 (-0.15%) | Portfolio: $643.31"
2026-06-27,12:55:05,BitGet,BTCUSDT,BUY,0.008518,60420.00,514.65,0.5146,514.13,PAPER-1782564905143,PAPER,"NKB Buy — bands flipped bullish | Portfolio: $643.31"
2026-06-27,17:05:03,BitGet,BTCUSDT,SELL,0.008518,60436.27,514.65,0.5146,514.13,PAPER-1782579903631,PAPER,"NKB reversal exit — P&L $0.14 (0.03%) | Portfolio: $643.45"
2026-06-27,17:05:06,BitGet,BTCUSDT,SELL,0.008517,60436.27,514.76,0.5148,514.24,PAPER-1782579906034,PAPER,"NKB Sell — bands flipped bearish | Portfolio: $643.45"
2026-06-27,20:03:05,BitGet,BTCUSDT,BUY,0.008517,60239.32,514.76,0.5148,514.24,PAPER-1782590582650,PAPER,"NKB reversal exit — P&L $1.68 (0.33%) | Portfolio: $645.12"
2026-06-27,20:03:07,BitGet,BTCUSDT,BUY,0.008567,60239.32,516.10,0.5161,515.58,PAPER-1782590585613,PAPER,"NKB Buy — bands flipped bullish | Portfolio: $645.12"
2026-06-27,20:37:17,BitGet,BTCUSDT,SELL,0.008567,60263.80,516.0980302159999,0.5161,515.58,PAPER-1782592637872,PAPER,"NKB reversal exit — P&L $0.21 (0.04%) | Portfolio: $645.33"
2026-06-27,20:37:17,BitGet,BTCUSDT,SELL,0.008567,60263.80,516.2658063439999,0.5163,515.75,PAPER-1782592637874,PAPER,"NKB NKB Sell — bands flipped bearish | Portfolio: $645.33"
2026-06-27,20:47:05,BitGet,BTCUSDT,BUY,0.008567,60284.99,516.27,0.5163,515.75,PAPER-1782593222708,PAPER,"NKB reversal exit — P&L $-0.18 (-0.04%) | Portfolio: $645.15"
2026-06-27,20:47:08,BitGet,BTCUSDT,BUY,0.008561,60284.99,516.12,0.5161,515.60,PAPER-1782593225771,PAPER,"NKB Buy — bands flipped bullish | Portfolio: $645.15"
2026-06-27,20:55:04,BitGet,BTCUSDT,SELL,0.008561,60273.59,516.12,0.5161,515.60,PAPER-1782593702712,PAPER,"NKB reversal exit — P&L $-0.10 (-0.02%) | Portfolio: $645.05"
2026-06-27,20:55:08,BitGet,BTCUSDT,SELL,0.008562,60273.59,516.04,0.5160,515.53,PAPER-1782593705636,PAPER,"NKB Sell — bands flipped bearish | Portfolio: $645.05"
2026-06-27,21:00:07,BitGet,BTCUSDT,BUY,0.008562,60302.59,516.04,0.5160,515.53,PAPER-1782594004838,PAPER,"NKB reversal exit — P&L $-0.25 (-0.05%) | Portfolio: $644.80"
2026-06-27,21:00:10,BitGet,BTCUSDT,BUY,0.008554,60302.59,515.84,0.5158,515.33,PAPER-1782594007915,PAPER,"NKB Buy — bands flipped bullish | Portfolio: $644.80"
2026-06-27,21:35:05,BitGet,BTCUSDT,SELL,0.008554,60446.03,515.84,0.5158,515.33,PAPER-1782596102609,PAPER,"NKB reversal exit — P&L $1.23 (0.24%) | Portfolio: $646.03"
2026-06-27,21:35:08,BitGet,BTCUSDT,SELL,0.00855,60446.03,516.83,0.5168,516.31,PAPER-1782596105808,PAPER,"NKB Sell — bands flipped bearish | Portfolio: $646.03"
2026-06-27,22:29:05,BitGet,BTCUSDT,BUY,0.00855,60142.86,516.83,0.5168,516.31,PAPER-1782599343437,PAPER,"NKB reversal exit — P&L $2.59 (0.50%) | Portfolio: $648.62"
2026-06-27,22:29:09,BitGet,BTCUSDT,BUY,0.008628,60142.86,518.90,0.5189,518.38,PAPER-1782599346518,PAPER,"NKB Buy — bands flipped bullish | Portfolio: $648.62"
2026-06-27,22:43:05,BitGet,BTCUSDT,SELL,0.008628,60163.23,518.90,0.5189,518.38,PAPER-1782600182825,PAPER,"NKB reversal exit — P&L $0.18 (0.03%) | Portfolio: $648.80"
2026-06-27,22:43:08,BitGet,BTCUSDT,SELL,0.008627,60163.23,519.04,0.5190,518.52,PAPER-1782600185957,PAPER,"NKB Sell — bands flipped bearish | Portfolio: $648.80"
2026-06-27,22:51:06,BitGet,BTCUSDT,BUY,0.008627,60222.22,519.04,0.5190,518.52,PAPER-1782600663622,PAPER,"NKB reversal exit — P&L $-0.51 (-0.10%) | Portfolio: $648.29"
2026-06-27,22:51:09,BitGet,BTCUSDT,BUY,0.008612,60222.22,518.63,0.5186,518.11,PAPER-1782600666903,PAPER,"NKB Buy — bands flipped bullish | Portfolio: $648.29"
2026-06-27,23:10:05,BitGet,BTCUSDT,SELL,0.008612,60243.47,518.63,0.5186,518.11,PAPER-1782601802898,PAPER,"NKB reversal exit — P&L $0.18 (0.04%) | Portfolio: $648.47"
2026-06-27,23:10:08,BitGet,BTCUSDT,SELL,0.008611,60243.47,518.78,0.5188,518.26,PAPER-1782601806064,PAPER,"NKB Sell — bands flipped bearish | Portfolio: $648.47"
2026-06-27,23:35:04,BitGet,BTCUSDT,BUY,0.008611,60040.88,518.78,0.5188,518.26,PAPER-1782603302539,PAPER,"NKB reversal exit — P&L $1.74 (0.34%) | Portfolio: $650.22"
2026-06-27,23:35:08,BitGet,BTCUSDT,BUY,0.008664,60040.88,520.17,0.5202,519.65,PAPER-1782603305490,PAPER,"NKB Buy — bands flipped bullish | Portfolio: $650.22"
2026-06-27,23:57:04,BitGet,BTCUSDT,SELL,0.008664,60018.00,520.17,0.5202,519.65,PAPER-1782604622530,PAPER,"NKB reversal exit — P&L $-0.20 (-0.04%) | Portfolio: $650.02"
2026-06-27,23:57:08,BitGet,BTCUSDT,SELL,0.008664,60018.00,520.02,0.5200,519.50,PAPER-1782604625852,PAPER,"NKB Sell — bands flipped bearish | Portfolio: $650.02"
2026-06-28,00:02:04,BitGet,BTCUSDT,BUY,0.008664,60076.92,520.02,0.5200,519.50,PAPER-1782604922597,PAPER,"NKB reversal exit — P&L $-0.51 (-0.10%) | Portfolio: $649.51"
2026-06-28,00:02:08,BitGet,BTCUSDT,BUY,0.008649,60076.92,519.61,0.5196,519.09,PAPER-1782604925646,PAPER,"NKB Buy — bands flipped bullish | Portfolio: $649.51"
2026-06-28,00:33:05,BitGet,BTCUSDT,SELL,0.008649,60152.67,519.61,0.5196,519.09,PAPER-1782606782746,PAPER,"NKB reversal exit — P&L $0.66 (0.13%) | Portfolio: $650.16"
2026-06-28,00:33:08,BitGet,BTCUSDT,SELL,0.008647,60152.67,520.13,0.5201,519.61,PAPER-1782606785840,PAPER,"NKB Sell — bands flipped bearish | Portfolio: $650.16"
2026-06-28,00:40:05,BitGet,BTCUSDT,BUY,0.008647,60162.06,520.13,0.5201,519.61,PAPER-1782607202550,PAPER,"NKB reversal exit — P&L $-0.08 (-0.02%) | Portfolio: $650.08"
2026-06-28,00:40:08,BitGet,BTCUSDT,BUY,0.008644,60162.06,520.07,0.5201,519.55,PAPER-1782607205982,PAPER,"NKB Buy — bands flipped bullish | Portfolio: $650.08"
2026-06-28,01:00:06,BitGet,BTCUSDT,SELL,0.008644,60151.67,520.07,0.5201,519.55,PAPER-1782608404260,PAPER,"NKB reversal exit — P&L $-0.09 (-0.02%) | Portfolio: $649.99"
2026-06-28,01:00:09,BitGet,BTCUSDT,SELL,0.008645,60151.67,519.99,0.5200,519.47,PAPER-1782608407128,PAPER,"NKB Sell — bands flipped bearish | Portfolio: $649.99"
2026-06-28,01:14:04,BitGet,BTCUSDT,BUY,0.008645,60069.36,519.99,0.5200,519.47,PAPER-1782609242525,PAPER,"NKB reversal exit — P&L $0.71 (0.14%) | Portfolio: $650.71"
2026-06-28,01:14:08,BitGet,BTCUSDT,BUY,0.008666,60069.36,520.56,0.5206,520.04,PAPER-1782609245549,PAPER,"NKB Buy — bands flipped bullish | Portfolio: $650.71"
2026-06-28,01:55:05,BitGet,BTCUSDT,SELL,0.008666,60212.01,520.56,0.5206,520.04,PAPER-1782611702476,PAPER,"NKB reversal exit — P&L $1.24 (0.24%) | Portfolio: $651.94"
2026-06-28,01:55:08,BitGet,BTCUSDT,SELL,0.008662,60212.01,521.55,0.5216,521.03,PAPER-1782611705928,PAPER,"NKB Sell — bands flipped bearish | Portfolio: $651.94"
2026-06-28,02:02:04,BitGet,BTCUSDT,BUY,0.008662,60246.97,521.55,0.5216,521.03,PAPER-1782612122531,PAPER,"NKB reversal exit — P&L $-0.30 (-0.06%) | Portfolio: $651.64"
2026-06-28,02:02:08,BitGet,BTCUSDT,BUY,0.008653,60246.97,521.31,0.5213,520.79,PAPER-1782612125793,PAPER,"NKB Buy — bands flipped bullish | Portfolio: $651.64"
2026-06-28,02:19:04,BitGet,BTCUSDT,SELL,0.008653,60269.01,521.31,0.5213,520.79,PAPER-1782613142695,PAPER,"NKB reversal exit — P&L $0.19 (0.04%) | Portfolio: $651.83"
2026-06-28,02:19:07,BitGet,BTCUSDT,SELL,0.008652,60269.01,521.46,0.5215,520.94,PAPER-1782613145670,PAPER,"NKB Sell — bands flipped bearish | Portfolio: $651.83"
2026-06-28,02:52:05,BitGet,BTCUSDT,BUY,0.008652,60158.78,521.46,0.5215,520.94,PAPER-1782615122773,PAPER,"NKB reversal exit — P&L $0.95 (0.18%) | Portfolio: $652.78"
2026-06-28,02:52:08,BitGet,BTCUSDT,BUY,0.008681,60158.78,522.23,0.5222,521.70,PAPER-1782615125831,PAPER,"NKB Buy — bands flipped bullish | Portfolio: $652.78"
2026-06-28,03:00:06,BitGet,BTCUSDT,SELL,0.008681,60152.00,522.23,0.5222,521.70,PAPER-1782615603709,PAPER,"NKB reversal exit — P&L $-0.06 (-0.01%) | Portfolio: $652.72"
2026-06-28,03:00:09,BitGet,BTCUSDT,SELL,0.008681,60152.00,522.18,0.5222,521.66,PAPER-1782615607028,PAPER,"NKB Sell — bands flipped bearish | Portfolio: $652.72"
2026-06-28,03:01:05,BitGet,BTCUSDT,BUY,0.008681,60186.02,522.18,0.5222,521.66,PAPER-1782615662567,PAPER,"NKB reversal exit — P&L $-0.30 (-0.06%) | Portfolio: $652.43"
2026-06-28,03:01:08,BitGet,BTCUSDT,BUY,0.008672,60186.02,521.94,0.5219,521.42,PAPER-1782615665928,PAPER,"NKB Buy — bands flipped bullish | Portfolio: $652.43"
2026-06-28,03:16:05,BitGet,BTCUSDT,SELL,0.008672,60215.00,521.94,0.5219,521.42,PAPER-1782616562587,PAPER,"NKB reversal exit — P&L $0.25 (0.05%) | Portfolio: $652.68"
2026-06-28,03:16:08,BitGet,BTCUSDT,SELL,0.008671,60215.00,522.14,0.5221,521.62,PAPER-1782616565906,PAPER,"NKB Sell — bands flipped bearish | Portfolio: $652.68"
2026-06-28,03:20:04,BitGet,BTCUSDT,BUY,0.008671,60270.70,522.14,0.5221,521.62,PAPER-1782616802797,PAPER,"NKB reversal exit — P&L $-0.48 (-0.09%) | Portfolio: $652.20"
2026-06-28,03:20:08,BitGet,BTCUSDT,BUY,0.008657,60270.70,521.76,0.5218,521.24,PAPER-1782616805718,PAPER,"NKB Buy — bands flipped bullish | Portfolio: $652.20"
2026-06-28,03:33:04,BitGet,BTCUSDT,SELL,0.008657,60225.00,521.76,0.5218,521.24,PAPER-1782617582521,PAPER,"NKB reversal exit — P&L $-0.40 (-0.08%) | Portfolio: $651.80"
2026-06-28,03:33:08,BitGet,BTCUSDT,SELL,0.008658,60225.00,521.44,0.5214,520.92,PAPER-1782617585588,PAPER,"NKB Sell — bands flipped bearish | Portfolio: $651.80"
2026-06-28,03:58:05,BitGet,BTCUSDT,BUY,0.008658,60199.22,521.44,0.5214,520.92,PAPER-1782619083640,PAPER,"NKB reversal exit — P&L $0.22 (0.04%) | Portfolio: $652.02"
2026-06-28,03:58:09,BitGet,BTCUSDT,BUY,0.008665,60199.22,521.62,0.5216,521.10,PAPER-1782619086781,PAPER,"NKB Buy — bands flipped bullish | Portfolio: $652.02"
2026-06-28,04:03:05,BitGet,BTCUSDT,SELL,0.008665,60144.01,521.62,0.5216,521.10,PAPER-1782619382712,PAPER,"NKB reversal exit — P&L $-0.48 (-0.09%) | Portfolio: $651.55"
2026-06-28,04:03:08,BitGet,BTCUSDT,SELL,0.008666,60144.01,521.24,0.5212,520.72,PAPER-1782619385851,PAPER,"NKB Sell — bands flipped bearish | Portfolio: $651.55"
2026-06-28,04:07:04,BitGet,BTCUSDT,BUY,0.008666,60209.99,521.24,0.5212,520.72,PAPER-1782619622496,PAPER,"NKB reversal exit — P&L $-0.57 (-0.11%) | Portfolio: $650.97"
2026-06-28,04:07:08,BitGet,BTCUSDT,BUY,0.008649,60209.99,520.78,0.5208,520.26,PAPER-1782619625577,PAPER,"NKB Buy — bands flipped bullish | Portfolio: $650.97"
2026-06-28,04:29:06,BitGet,BTCUSDT,SELL,0.008649,60198.79,520.78,0.5208,520.26,PAPER-1782620943887,PAPER,"NKB reversal exit — P&L $-0.10 (-0.02%) | Portfolio: $650.88"
2026-06-28,04:29:09,BitGet,BTCUSDT,SELL,0.00865,60198.79,520.70,0.5207,520.18,PAPER-1782620947116,PAPER,"NKB Sell — bands flipped bearish | Portfolio: $650.88"
2026-06-28,04:43:04,BitGet,BTCUSDT,BUY,0.00865,60175.00,520.70,0.5207,520.18,PAPER-1782621782729,PAPER,"NKB reversal exit — P&L $0.21 (0.04%) | Portfolio: $651.08"
2026-06-28,04:43:07,BitGet,BTCUSDT,BUY,0.008656,60175.00,520.87,0.5209,520.35,PAPER-1782621785641,PAPER,"NKB Buy — bands flipped bullish | Portfolio: $651.08"
2026-06-28,04:56:05,BitGet,BTCUSDT,SELL,0.008656,60136.88,520.87,0.5209,520.35,PAPER-1782622562703,PAPER,"NKB reversal exit — P&L $-0.33 (-0.06%) | Portfolio: $650.75"
2026-06-28,04:56:08,BitGet,BTCUSDT,SELL,0.008657,60136.88,520.60,0.5206,520.08,PAPER-1782622565880,PAPER,"NKB Sell — bands flipped bearish | Portfolio: $650.75"
2026-06-28,05:34:05,BitGet,BTCUSDT,BUY,0.008657,59913.21,520.60,0.5206,520.08,PAPER-1782624842591,PAPER,"NKB reversal exit — P&L $1.94 (0.37%) | Portfolio: $652.69"
2026-06-28,05:34:08,BitGet,BTCUSDT,BUY,0.008715,59913.21,522.15,0.5222,521.63,PAPER-1782624845751,PAPER,"NKB Buy — bands flipped bullish | Portfolio: $652.69"
2026-06-28,06:05:05,BitGet,BTCUSDT,SELL,0.008715,59959.87,522.15,0.5222,521.63,PAPER-1782626702800,PAPER,"NKB reversal exit — P&L $0.41 (0.08%) | Portfolio: $653.10"
2026-06-28,06:05:08,BitGet,BTCUSDT,SELL,0.008714,59959.87,522.48,0.5225,521.95,PAPER-1782626706115,PAPER,"NKB Sell — bands flipped bearish | Portfolio: $653.10"
2026-06-28,06:19:04,BitGet,BTCUSDT,BUY,0.008714,59912.00,522.48,0.5225,521.95,PAPER-1782627542472,PAPER,"NKB reversal exit — P&L $0.42 (0.08%) | Portfolio: $653.51"
2026-06-28,06:19:08,BitGet,BTCUSDT,BUY,0.008726,59912.00,522.81,0.5228,522.29,PAPER-1782627545509,PAPER,"NKB Buy — bands flipped bullish | Portfolio: $653.51"
2026-06-28,06:46:04,BitGet,BTCUSDT,SELL,0.008726,59956.94,522.81,0.5228,522.29,PAPER-1782629162526,PAPER,"NKB reversal exit — P&L $0.39 (0.08%) | Portfolio: $653.91"
2026-06-28,06:46:08,BitGet,BTCUSDT,SELL,0.008725,59956.94,523.12,0.5231,522.60,PAPER-1782629165710,PAPER,"NKB Sell — bands flipped bearish | Portfolio: $653.91"
2026-06-28,06:49:04,BitGet,BTCUSDT,BUY,0.008725,59997.35,523.12,0.5231,522.60,PAPER-1782629342465,PAPER,"NKB reversal exit — P&L $-0.35 (-0.07%) | Portfolio: $653.55"
2026-06-28,06:49:08,BitGet,BTCUSDT,BUY,0.008714,59997.35,522.84,0.5228,522.32,PAPER-1782629345382,PAPER,"NKB Buy — bands flipped bullish | Portfolio: $653.55"
2026-06-28,06:56:06,BitGet,BTCUSDT,SELL,0.008714,59989.01,522.84,0.5228,522.32,PAPER-1782629763615,PAPER,"NKB reversal exit — P&L $-0.07 (-0.01%) | Portfolio: $653.48"
2026-06-28,06:56:09,BitGet,BTCUSDT,SELL,0.008715,59989.01,522.78,0.5228,522.26,PAPER-1782629767095,PAPER,"NKB Sell — bands flipped bearish | Portfolio: $653.48"
2026-06-28,07:01:05,BitGet,BTCUSDT,BUY,0.008715,60042.36,522.78,0.5228,522.26,PAPER-1782630063456,PAPER,"NKB reversal exit — P&L $-0.46 (-0.09%) | Portfolio: $653.02"
2026-06-28,07:01:09,BitGet,BTCUSDT,BUY,0.008701,60042.36,522.41,0.5224,521.89,PAPER-1782630066890,PAPER,"NKB Buy — bands flipped bullish | Portfolio: $653.02"
2026-06-28,07:54:05,BitGet,BTCUSDT,SELL,0.008701,60201.68,522.41,0.5224,521.89,PAPER-1782633242743,PAPER,"NKB reversal exit — P&L $1.39 (0.27%) | Portfolio: $654.40"
2026-06-28,07:54:08,BitGet,BTCUSDT,SELL,0.008696,60201.68,523.52,0.5235,523.00,PAPER-1782633245713,PAPER,"NKB Sell — bands flipped bearish | Portfolio: $654.40"
2026-06-28,08:02:05,BitGet,BTCUSDT,BUY,0.008696,60254.21,523.52,0.5235,523.00,PAPER-1782633722640,PAPER,"NKB reversal exit — P&L $-0.46 (-0.09%) | Portfolio: $653.95"
2026-06-28,08:02:08,BitGet,BTCUSDT,BUY,0.008682,60254.21,523.16,0.5232,522.63,PAPER-1782633725844,PAPER,"NKB Buy — bands flipped bullish | Portfolio: $653.95"
2026-06-28,08:06:05,BitGet,BTCUSDT,SELL,0.008682,60171.58,523.16,0.5232,522.63,PAPER-1782633963160,PAPER,"NKB reversal exit — P&L $-0.72 (-0.14%) | Portfolio: $653.23"
2026-06-28,08:06:09,BitGet,BTCUSDT,SELL,0.008685,60171.58,522.58,0.5226,522.06,PAPER-1782633966458,PAPER,"NKB Sell — bands flipped bearish | Portfolio: $653.23"
2026-06-28,08:18:05,BitGet,BTCUSDT,BUY,0.008685,60197.52,522.58,0.5226,522.06,PAPER-1782634682653,PAPER,"NKB reversal exit — P&L $-0.23 (-0.04%) | Portfolio: $653.00"
2026-06-28,08:18:08,BitGet,BTCUSDT,BUY,0.008678,60197.52,522.40,0.5224,521.88,PAPER-1782634685912,PAPER,"NKB Buy — bands flipped bullish | Portfolio: $653.00"
2026-06-28,09:04:05,BitGet,BTCUSDT,SELL,0.008678,60312.19,522.40,0.5224,521.88,PAPER-1782637442707,PAPER,"NKB reversal exit — P&L $1.00 (0.19%) | Portfolio: $654.00"
2026-06-28,09:04:08,BitGet,BTCUSDT,SELL,0.008675,60312.19,523.20,0.5232,522.67,PAPER-1782637445780,PAPER,"NKB Sell — bands flipped bearish | Portfolio: $654.00"
2026-06-28,09:07:05,BitGet,BTCUSDT,BUY,0.008675,60384.99,523.20,0.5232,522.67,PAPER-1782637622639,PAPER,"NKB reversal exit — P&L $-0.63 (-0.12%) | Portfolio: $653.37"
2026-06-28,09:07:09,BitGet,BTCUSDT,BUY,0.008656,60384.99,522.69,0.5227,522.17,PAPER-1782637626088,PAPER,"NKB Buy — bands flipped bullish | Portfolio: $653.37"
2026-06-28,09:14:05,BitGet,BTCUSDT,SELL,0.008656,60349.30,522.69,0.5227,522.17,PAPER-1782638042820,PAPER,"NKB reversal exit — P&L $-0.31 (-0.06%) | Portfolio: $653.06"
2026-06-28,09:14:09,BitGet,BTCUSDT,SELL,0.008657,60349.30,522.45,0.5224,521.92,PAPER-1782638046390,PAPER,"NKB Sell — bands flipped bearish | Portfolio: $653.06"
2026-06-28,09:34:05,BitGet,BTCUSDT,BUY,0.008657,60363.64,522.45,0.5224,521.92,PAPER-1782639242702,PAPER,"NKB reversal exit — P&L $-0.12 (-0.02%) | Portfolio: $652.93"
2026-06-28,09:34:08,BitGet,BTCUSDT,BUY,0.008653,60363.64,522.35,0.5223,521.82,PAPER-1782639246074,PAPER,"NKB Buy — bands flipped bullish | Portfolio: $652.93"
2026-06-28,09:48:05,BitGet,BTCUSDT,SELL,0.008653,60342.00,522.35,0.5223,521.82,PAPER-1782640082873,PAPER,"NKB reversal exit — P&L $-0.19 (-0.04%) | Portfolio: $652.75"
2026-06-28,09:48:08,BitGet,BTCUSDT,SELL,0.008654,60342.00,522.20,0.5222,521.67,PAPER-1782640086282,PAPER,"NKB Sell — bands flipped bearish | Portfolio: $652.75"
2026-06-28,10:13:05,BitGet,BTCUSDT,BUY,0.008654,60289.82,522.20,0.5222,521.67,PAPER-1782641582472,PAPER,"NKB reversal exit — P&L $0.45 (0.09%) | Portfolio: $653.20"
2026-06-28,10:13:08,BitGet,BTCUSDT,BUY,0.008667,60289.82,522.56,0.5226,522.04,PAPER-1782641586003,PAPER,"NKB Buy — bands flipped bullish | Portfolio: $653.20"
2026-06-28,10:20:05,BitGet,BTCUSDT,SELL,0.008667,60198.85,522.56,0.5226,522.04,PAPER-1782642002656,PAPER,"NKB reversal exit — P&L $-0.79 (-0.15%) | Portfolio: $652.41"
2026-06-28,10:20:08,BitGet,BTCUSDT,SELL,0.00867,60198.85,521.93,0.5219,521.41,PAPER-1782642006071,PAPER,"NKB Sell — bands flipped bearish | Portfolio: $652.41"
2026-06-28,11:03:05,BitGet,BTCUSDT,BUY,0.00867,60264.57,521.93,0.5219,521.41,PAPER-1782644582688,PAPER,"NKB reversal exit — P&L $-0.57 (-0.11%) | Portfolio: $651.84"
2026-06-28,11:03:08,BitGet,BTCUSDT,BUY,0.008653,60264.57,521.47,0.5215,520.95,PAPER-1782644585844,PAPER,"NKB Buy — bands flipped bullish | Portfolio: $651.84"
2026-06-28,11:08:04,BitGet,BTCUSDT,SELL,0.008653,60202.10,521.47,0.5215,520.95,PAPER-1782644882491,PAPER,"NKB reversal exit — P&L $-0.54 (-0.10%) | Portfolio: $651.30"
2026-06-28,11:08:08,BitGet,BTCUSDT,SELL,0.008655,60202.10,521.04,0.5210,520.52,PAPER-1782644885774,PAPER,"NKB Sell — bands flipped bearish | Portfolio: $651.30"
2026-06-28,11:19:05,BitGet,BTCUSDT,BUY,0.008655,60178.01,521.04,0.5210,520.52,PAPER-1782645542655,PAPER,"NKB reversal exit — P&L $0.21 (0.04%) | Portfolio: $651.51"
2026-06-28,11:19:09,BitGet,BTCUSDT,BUY,0.008661,60178.01,521.21,0.5212,520.68,PAPER-1782645546455,PAPER,"NKB Buy — bands flipped bullish | Portfolio: $651.51"
2026-06-28,11:39:05,BitGet,BTCUSDT,SELL,0.008661,60269.87,521.21,0.5212,520.68,PAPER-1782646742752,PAPER,"NKB reversal exit — P&L $0.80 (0.15%) | Portfolio: $652.30"
2026-06-28,11:39:08,BitGet,BTCUSDT,SELL,0.008658,60269.87,521.84,0.5218,521.32,PAPER-1782646745880,PAPER,"NKB Sell — bands flipped bearish | Portfolio: $652.30"
2026-06-28,11:54:06,BitGet,BTCUSDT,BUY,0.008658,60323.82,521.84,0.5218,521.32,PAPER-1782647643678,PAPER,"NKB reversal exit — P&L $-0.47 (-0.09%) | Portfolio: $651.84"
2026-06-28,11:54:09,BitGet,BTCUSDT,BUY,0.008644,60323.82,521.47,0.5215,520.95,PAPER-1782647646875,PAPER,"NKB Buy — bands flipped bullish | Portfolio: $651.84"
2026-06-28,12:13:05,BitGet,BTCUSDT,SELL,0.008644,60297.73,521.47,0.5215,520.95,PAPER-1782648782793,PAPER,"NKB reversal exit — P&L $-0.23 (-0.04%) | Portfolio: $651.61"
2026-06-28,12:13:08,BitGet,BTCUSDT,SELL,0.008645,60297.73,521.29,0.5213,520.77,PAPER-1782648786004,PAPER,"NKB Sell — bands flipped bearish | Portfolio: $651.61"
2026-06-28,12:29:04,BitGet,BTCUSDT,BUY,0.008645,60283.59,521.29,0.5213,520.77,PAPER-1782649742501,PAPER,"NKB reversal exit — P&L $0.12 (0.02%) | Portfolio: $651.73"
2026-06-28,12:29:08,BitGet,BTCUSDT,BUY,0.008649,60283.59,521.39,0.5214,520.86,PAPER-1782649745697,PAPER,"NKB Buy — bands flipped bullish | Portfolio: $651.73"
2026-06-28,12:38:05,BitGet,BTCUSDT,SELL,0.008649,60257.80,521.39,0.5214,520.86,PAPER-1782650282919,PAPER,"NKB reversal exit — P&L $-0.22 (-0.04%) | Portfolio: $651.51"
2026-06-28,12:38:08,BitGet,BTCUSDT,SELL,0.00865,60257.80,521.21,0.5212,520.69,PAPER-1782650286052,PAPER,"NKB Sell — bands flipped bearish | Portfolio: $651.51"
2026-06-28,13:15:06,BitGet,BTCUSDT,BUY,0.00865,60123.04,521.21,0.5212,520.69,PAPER-1782652503959,PAPER,"NKB reversal exit — P&L $1.17 (0.22%) | Portfolio: $652.67"
2026-06-28,13:15:10,BitGet,BTCUSDT,BUY,0.008685,60123.04,522.14,0.5221,521.62,PAPER-1782652507234,PAPER,"NKB Buy — bands flipped bullish | Portfolio: $652.67"
2026-06-28,13:40:05,BitGet,BTCUSDT,SELL,0.008685,60116.00,522.14,0.5221,521.62,PAPER-1782654003501,PAPER,"NKB reversal exit — P&L $-0.06 (-0.01%) | Portfolio: $652.61"
2026-06-28,13:40:08,BitGet,BTCUSDT,SELL,0.008685,60116.00,522.09,0.5221,521.57,PAPER-1782654006656,PAPER,"NKB Sell — bands flipped bearish | Portfolio: $652.61"
2026-06-28,14:10:05,BitGet,BTCUSDT,BUY,0.008685,60136.08,522.09,0.5221,521.57,PAPER-1782655803224,PAPER,"NKB reversal exit — P&L $-0.17 (-0.03%) | Portfolio: $652.44"
2026-06-28,14:10:09,BitGet,BTCUSDT,BUY,0.00868,60136.08,521.95,0.5220,521.43,PAPER-1782655806615,PAPER,"NKB Buy — bands flipped bullish | Portfolio: $652.44"
2026-06-28,14:18:05,BitGet,BTCUSDT,SELL,0.00868,60113.68,521.95,0.5220,521.43,PAPER-1782656282829,PAPER,"NKB reversal exit — P&L $-0.19 (-0.04%) | Portfolio: $652.24"
2026-06-28,14:18:09,BitGet,BTCUSDT,SELL,0.00868,60113.68,521.80,0.5218,521.27,PAPER-1782656286371,PAPER,"NKB Sell — bands flipped bearish | Portfolio: $652.24"
2026-06-28,14:20:06,BitGet,BTCUSDT,BUY,0.00868,60225.21,521.80,0.5218,521.27,PAPER-1782656403791,PAPER,"NKB reversal exit — P&L $-0.97 (-0.19%) | Portfolio: $651.28"
2026-06-28,14:20:10,BitGet,BTCUSDT,BUY,0.008651,60225.21,521.02,0.5210,520.50,PAPER-1782656407268,PAPER,"NKB Buy — bands flipped bullish | Portfolio: $651.28"
2026-06-28,14:23:04,BitGet,BTCUSDT,SELL,0.008651,60137.54,521.02,0.5210,520.50,PAPER-1782656582560,PAPER,"NKB reversal exit — P&L $-0.76 (-0.15%) | Portfolio: $650.52"
2026-06-28,14:23:08,BitGet,BTCUSDT,SELL,0.008654,60137.54,520.41,0.5204,519.89,PAPER-1782656585790,PAPER,"NKB Sell — bands flipped bearish | Portfolio: $650.52"
2026-06-28,14:48:05,BitGet,BTCUSDT,BUY,0.008654,60125.49,520.41,0.5204,519.89,PAPER-1782658082845,PAPER,"NKB reversal exit — P&L $0.10 (0.02%) | Portfolio: $650.62"
2026-06-28,14:48:08,BitGet,BTCUSDT,BUY,0.008657,60125.49,520.50,0.5205,519.98,PAPER-1782658085953,PAPER,"NKB Buy — bands flipped bullish | Portfolio: $650.62"
2026-06-28,14:53:05,BitGet,BTCUSDT,SELL,0.008657,60051.76,520.50,0.5205,519.98,PAPER-1782658382617,PAPER,"NKB reversal exit — P&L $-0.64 (-0.12%) | Portfolio: $649.98"
2026-06-28,14:53:09,BitGet,BTCUSDT,SELL,0.008659,60051.76,519.99,0.5200,519.47,PAPER-1782658385993,PAPER,"NKB Sell — bands flipped bearish | Portfolio: $649.98"
2026-06-28,15:05:05,BitGet,BTCUSDT,BUY,0.008659,60075.67,519.99,0.5200,519.47,PAPER-1782659102688,PAPER,"NKB reversal exit — P&L $-0.21 (-0.04%) | Portfolio: $649.78"
2026-06-28,15:05:09,BitGet,BTCUSDT,BUY,0.008653,60075.67,519.82,0.5198,519.30,PAPER-1782659106533,PAPER,"NKB Buy — bands flipped bullish | Portfolio: $649.78"
2026-06-28,15:09:05,BitGet,BTCUSDT,SELL,0.008653,59908.21,519.82,0.5198,519.30,PAPER-1782659343528,PAPER,"NKB reversal exit — P&L $-1.45 (-0.28%) | Portfolio: $648.33"
2026-06-28,15:09:09,BitGet,BTCUSDT,SELL,0.008658,59908.21,518.66,0.5187,518.14,PAPER-1782659346755,PAPER,"NKB Sell — bands flipped bearish | Portfolio: $648.33"
2026-06-28,15:14:05,BitGet,BTCUSDT,BUY,0.008658,60034.54,518.66,0.5187,518.14,PAPER-1782659642679,PAPER,"NKB reversal exit — P&L $-1.09 (-0.21%) | Portfolio: $647.23"
2026-06-28,15:14:08,BitGet,BTCUSDT,BUY,0.008625,60034.54,517.79,0.5178,517.27,PAPER-1782659646053,PAPER,"NKB Buy — bands flipped bullish | Portfolio: $647.23"
2026-06-28,15:36:05,BitGet,BTCUSDT,SELL,0.008625,59991.01,517.79,0.5178,517.27,PAPER-1782660963253,PAPER,"NKB reversal exit — P&L $-0.38 (-0.07%) | Portfolio: $646.86"
2026-06-28,15:36:09,BitGet,BTCUSDT,SELL,0.008626,59991.01,517.49,0.5175,516.97,PAPER-1782660966520,PAPER,"NKB Sell — bands flipped bearish | Portfolio: $646.86"
2026-06-28,15:53:05,BitGet,BTCUSDT,BUY,0.008626,59980.00,517.49,0.5175,516.97,PAPER-1782661983015,PAPER,"NKB reversal exit — P&L $0.09 (0.02%) | Portfolio: $646.95"
2026-06-28,15:53:08,BitGet,BTCUSDT,BUY,0.008629,59980.00,517.56,0.5176,517.05,PAPER-1782661986374,PAPER,"NKB Buy — bands flipped bullish | Portfolio: $646.95"
2026-06-28,15:54:05,BitGet,BTCUSDT,SELL,0.008629,59826.65,517.56,0.5176,517.05,PAPER-1782662043038,PAPER,"NKB reversal exit — P&L $-1.32 (-0.26%) | Portfolio: $645.63"
2026-06-28,15:54:08,BitGet,BTCUSDT,SELL,0.008633,59826.65,516.50,0.5165,515.99,PAPER-1782662046405,PAPER,"NKB Sell — bands flipped bearish | Portfolio: $645.63"
2026-06-28,16:02:05,BitGet,BTCUSDT,BUY,0.008633,59925.14,516.50,0.5165,515.99,PAPER-1782662522882,PAPER,"NKB reversal exit — P&L $-0.85 (-0.16%) | Portfolio: $644.78"
2026-06-28,16:02:08,BitGet,BTCUSDT,BUY,0.008608,59925.14,515.82,0.5158,515.31,PAPER-1782662526113,PAPER,"NKB Buy — bands flipped bullish | Portfolio: $644.78"
2026-06-28,16:10:05,BitGet,BTCUSDT,SELL,0.008608,59830.84,515.82,0.5158,515.31,PAPER-1782663002767,PAPER,"NKB reversal exit — P&L $-0.81 (-0.16%) | Portfolio: $643.97"
2026-06-28,16:10:08,BitGet,BTCUSDT,SELL,0.008611,59830.84,515.17,0.5152,514.66,PAPER-1782663006072,PAPER,"NKB Sell — bands flipped bearish | Portfolio: $643.97"
2026-06-28,16:42:05,BitGet,BTCUSDT,BUY,0.008611,59749.69,515.17,0.5152,514.66,PAPER-1782664922499,PAPER,"NKB reversal exit — P&L $0.70 (0.14%) | Portfolio: $644.67"
2026-06-28,16:42:08,BitGet,BTCUSDT,BUY,0.008632,59749.69,515.73,0.5157,515.22,PAPER-1782664925878,PAPER,"NKB Buy — bands flipped bullish | Portfolio: $644.67"
2026-06-28,16:44:04,BitGet,BTCUSDT,SELL,0.008632,59633.67,515.73,0.5157,515.22,PAPER-1782665042500,PAPER,"NKB reversal exit — P&L $-1.00 (-0.19%) | Portfolio: $643.67"
2026-06-28,16:44:08,BitGet,BTCUSDT,SELL,0.008635,59633.67,514.93,0.5149,514.42,PAPER-1782665045784,PAPER,"NKB Sell — bands flipped bearish | Portfolio: $643.67"
2026-06-28,16:49:05,BitGet,BTCUSDT,BUY,0.008635,59729.70,514.93,0.5149,514.42,PAPER-1782665342715,PAPER,"NKB reversal exit — P&L $-0.83 (-0.16%) | Portfolio: $642.84"
2026-06-28,16:49:09,BitGet,BTCUSDT,BUY,0.00861,59729.70,514.27,0.5143,513.76,PAPER-1782665346356,PAPER,"NKB Buy — bands flipped bullish | Portfolio: $642.84"
2026-06-28,17:11:05,BitGet,BTCUSDT,SELL,0.00861,59705.00,514.27,0.5143,513.76,PAPER-1782666662703,PAPER,"NKB reversal exit — P&L $-0.21 (-0.04%) | Portfolio: $642.62"
2026-06-28,17:11:08,BitGet,BTCUSDT,SELL,0.008611,59705.00,514.10,0.5141,513.59,PAPER-1782666666096,PAPER,"NKB Sell — bands flipped bearish | Portfolio: $642.62"
2026-06-28,17:43:05,BitGet,BTCUSDT,BUY,0.008611,59551.41,514.10,0.5141,513.59,PAPER-1782668582613,PAPER,"NKB reversal exit — P&L $1.32 (0.26%) | Portfolio: $643.95"
2026-06-28,17:43:08,BitGet,BTCUSDT,BUY,0.008651,59551.41,515.16,0.5152,514.64,PAPER-1782668585971,PAPER,"NKB Buy — bands flipped bullish | Portfolio: $643.95"
2026-06-28,18:21:06,BitGet,BTCUSDT,SELL,0.008651,59622.00,515.16,0.5152,514.64,PAPER-1782670863837,PAPER,"NKB reversal exit — P&L $0.61 (0.12%) | Portfolio: $644.56"
2026-06-28,18:21:10,BitGet,BTCUSDT,SELL,0.008649,59622.00,515.65,0.5156,515.13,PAPER-1782670867504,PAPER,"NKB Sell — bands flipped bearish | Portfolio: $644.56"
2026-06-28,18:26:05,BitGet,BTCUSDT,BUY,0.008649,59673.84,515.65,0.5156,515.13,PAPER-1782671162665,PAPER,"NKB reversal exit — P&L $-0.45 (-0.09%) | Portfolio: $644.11"
